Anu8422,1717109192,-3898143005614072504,RugSeekers,1534599928
way2blockchain,1595041545,1649007749820625881,RugSeekers,1534599928
cryptonitess,1722545260,3047034791086791242,RugSeekers,1534599928
Dr_VALOR,1846034838,-6491286828632160105,RugSeekers,1534599928
Viviandi2,2032917750,-5925096086991575804,RugSeekers,1534599928
TDC_007,1902892720,-3458015188390679660,RugSeekers,1534599928
Thang14,1184594563,-2743154297286008775,RugSeekers,1534599928
,1890489523,3888386213890565248,RugSeekers,1534599928
Lo_pa_vi,1723957553,-1395952120351775734,RugSeekers,1534599928
Order_USA_VN,1065048246,-8040125277521676267,RugSeekers,1534599928
Vrn_7,1201378916,3164360955183985801,RugSeekers,1534599928
V1_kk,355072240,2703191588772773560,RugSeekers,1534599928
asv1104,1349015741,8241629737063698450,RugSeekers,1534599928
Bullis_Paul_4_ETH_Vault,1945948785,1450084854651805243,RugSeekers,1534599928
Viviandi,1937456159,-1580124901294022613,RugSeekers,1534599928
vinaydabar,1938805255,8524446070036813121,RugSeekers,1534599928
Vigz07,983566609,-443380437388846741,RugSeekers,1534599928
ValenciaVee,1546110810,-6912127199028862004,RugSeekers,1534599928
n_v_2_k,1622836769,1964644740492431771,RugSeekers,1534599928
Uncleassman,1478956929,-1535745674571355630,RugSeekers,1534599928
,1814309388,-8052472196521656194,RugSeekers,1534599928
Prince9845,1371195894,-1035279639935987591,RugSeekers,1534599928
master_utagawa,1674704819,-2170512630474273896,RugSeekers,1534599928
please_add_username,833190182,7015272373506860333,RugSeekers,1534599928
nextcoinadmin,1738770183,-8070385856242101145,RugSeekers,1534599928
ujulin,1447261433,3946176870768259479,RugSeekers,1534599928
ultraslan1984,14215869,6044847470026783327,RugSeekers,1534599928
uzairmalik1997,1829084461,3738374376081048391,RugSeekers,1534599928
anwarpais,520934873,5831960198220173826,RugSeekers,1534599928
Sir_Tris,1676646863,-4991690509731253976,RugSeekers,1534599928
UAP_Alien51,1711317658,-1641657924115488159,RugSeekers,1534599928
ItsMeSake,1730067447,-4500557097238555490,RugSeekers,1534599928
TheonlyMrIncredible,2126726460,-9142384879393333280,RugSeekers,1534599928
TheRealFalcon1,1804072593,-6318131600555479133,RugSeekers,1534599928
taixhiii,1592338965,8765913670920905856,RugSeekers,1534599928
TeddyBird,1932322760,-2826616572686349595,RugSeekers,1534599928
TogaRGD,5013672390,8892240617599749557,RugSeekers,1534599928
Tetsuya15,2046870608,161935097963268528,RugSeekers,1534599928
SassyEntrepreneur,895132975,7471195471009719,RugSeekers,1534599928
thuyhanhphan,1767320526,-1726825411785369066,RugSeekers,1534599928
Aynat13,1017543490,7006123443703627541,RugSeekers,1534599928
tonystark1012,1395586489,6761424264589272447,RugSeekers,1534599928
jivtur,1564586865,-2433575639296881203,RugSeekers,1534599928
En_Spire,1868289715,8462812547253109659,RugSeekers,1534599928
TNDad1,971219181,3996090175381792836,RugSeekers,1534599928
tracy_crypto,1665170772,-5553843969684893129,RugSeekers,1534599928
Gameoverred,1450488366,4672108680399755153,RugSeekers,1534599928
tritri102,483188613,6585619181520034850,RugSeekers,1534599928
Txlongshot,1772786478,-8197403948927940583,RugSeekers,1534599928
Cest31,1683048675,4835196935816678404,RugSeekers,1534599928
tomy11,1659546859,-3779679739564215301,RugSeekers,1534599928
guerrillathink,734607813,-4114364634064996424,RugSeekers,1534599928
truonggv,503777596,-2296549821116452854,RugSeekers,1534599928
,693658238,-5912101787274687262,RugSeekers,1534599928
,1434094134,2379236531271222695,RugSeekers,1534599928
thanhhieptran,1223554778,-2338073333131064025,RugSeekers,1534599928
Crypto_Traveler,1100153693,8773408830366867226,RugSeekers,1534599928
Tungtaylan,813771913,3672978073750000694,RugSeekers,1534599928
Tcyrpto,1818439536,7034793069062204190,RugSeekers,1534599928
,808522674,-2115922615136382491,RugSeekers,1534599928
DakotaDogg99,968353998,7493045705797428886,RugSeekers,1534599928
Red_or_blue_pill,2046908279,6155261322711219381,RugSeekers,1534599928
ash_track_me,913146229,-1988928476974555062,RugSeekers,1534599928
Labo3DEco,762313227,3265036940305280753,RugSeekers,1534599928
bitcoin_maxi,707419743,5011265657905320790,RugSeekers,1534599928
,501415407,-3538469756042699784,RugSeekers,1534599928
thelegendo,1464204900,7987295649184000222,RugSeekers,1534599928
thesteef,101184563,7679699915537375360,RugSeekers,1534599928
The_Bulk,1815948509,7715895023023949398,RugSeekers,1534599928
,1599205245,2643402355354565766,RugSeekers,1534599928
Gianggseiuaii3k2,1043242860,-4418128284380478866,RugSeekers,1534599928
solbeynri,1826013619,-6625910102472017799,RugSeekers,1534599928
barrett357,1627978220,8349630206027936322,RugSeekers,1534599928
TheRealGemHunter,1748843454,7604891946249451343,RugSeekers,1534599928
thalathildinesh,1032704927,-5337005299607534851,RugSeekers,1534599928
terrywcw,954513830,5802503724726732041,RugSeekers,1534599928
TheRealPinocchio,1602985260,2336995997027372287,RugSeekers,1534599928
Tradolino,393077098,4838652289280174470,RugSeekers,1534599928
tour_of_neverland,476560401,5170292365356983486,RugSeekers,1534599928
The_Crypto_Scout,707738439,-1421153697329533741,RugSeekers,1534599928
,1980511986,7389251037605399473,RugSeekers,1534599928
thecryptozoid,975823983,-4774041004541853429,RugSeekers,1534599928
justquests,1618224114,-7922663045265338313,RugSeekers,1534599928
positief616,1607260653,-8785693552171056634,RugSeekers,1534599928
MrT_986,1747411305,2073149926782231438,RugSeekers,1534599928
MsASimon,488196616,-126677189928304780,RugSeekers,1534599928
rodrigomuller,596374088,-3148574384643866879,RugSeekers,1534599928
ScamResearcher,1824021052,-5509163077421147848,RugSeekers,1534599928
,2063533386,-4530411928444657382,RugSeekers,1534599928
ScubaBobber,469055767,5385954038853463277,RugSeekers,1534599928
hodleon_spywolf,1567546815,9023473176047451625,RugSeekers,1534599928
KahlobeEat,1849586845,-2545204448487320142,RugSeekers,1534599928
RocketShipx,1502634117,5717899597224432718,RugSeekers,1534599928
Sarahnft,1704289476,-7166368568112839011,RugSeekers,1534599928
SulaniyaKing,2145111890,271456671437456518,RugSeekers,1534599928
,1953885432,3554926157967965420,RugSeekers,1534599928
,1544585144,-6442316151613309586,RugSeekers,1534599928
Cryptoshmuck,1939397756,4602274087182539503,RugSeekers,1534599928
STRIKER6724,5047969613,-5337864664172469291,RugSeekers,1534599928
ASM_78,171123304,-2847042230146283198,RugSeekers,1534599928
