LoreenHarrington,1978357446,9107371964065088543,Pump Portal,1536719208
KHABIZ69,1962414308,2043776362374419474,Pump Portal,1536719208
Candicesss,1634471923,-8861817737032728249,Pump Portal,1536719208
marialesedi72,1892688635,7843473623010293876,Pump Portal,1536719208
Lidahstef,1661175937,-6109820159726928689,Pump Portal,1536719208
Approved_list,1265885804,8420719451264174390,Pump Portal,1536719208
abuminal01,539290723,2054302210429836602,Pump Portal,1536719208
Lisa6283663,1952536961,6016783827042031259,Pump Portal,1536719208
lynlm,1247347099,5395974042260780138,Pump Portal,1536719208
Bipon1,1932054143,3032185186681345706,Pump Portal,1536719208
Lelord1,1800657203,5897752317067224176,Pump Portal,1536719208
cryptolover189,1922049618,8673588967163685617,Pump Portal,1536719208
Lucy6568,1866229246,2222369476570419911,Pump Portal,1536719208
marklucas122,2030465370,-1539272856646394703,Pump Portal,1536719208
Luissantina4322,1961610545,8314796996231641669,Pump Portal,1536719208
marylolanda,1378137828,-4829733465263115491,Pump Portal,1536719208
Kimjong212,1975046809,-7120773923115164749,Pump Portal,1536719208
Kaydrops247,1843004444,5353846523823519468,Pump Portal,1536719208
Leonardo_io,1940732845,5439303385936858376,Pump Portal,1536719208
KD_le_GranD,555662595,-7036645742940900401,Pump Portal,1536719208
Emmydose,1027414795,4035026309459125979,Pump Portal,1536719208
aleciolacerda,873926575,-1046250422340002385,Pump Portal,1536719208
joselondero,1167013670,-5274008750301999931,Pump Portal,1536719208
leoncan1905,1551990149,-597191472395639232,Pump Portal,1536719208
marialucos55,1831677753,3734842632107509894,Pump Portal,1536719208
littlenewnew,1961643932,-6570296911831025524,Pump Portal,1536719208
Lavrkt,1779777699,-4929191259820709602,Pump Portal,1536719208
LillaUrban,1875420075,9085501804262303324,Pump Portal,1536719208
loveexpress_1999,1928224740,4277616543996733236,Pump Portal,1536719208
Lonelynow,1410212854,2295322042147450258,Pump Portal,1536719208
Daisy_lucy,1570105742,3952988006399333824,Pump Portal,1536719208
luckyrajking007,1889821018,1501502840330188817,Pump Portal,1536719208
suden_lee,1674690632,-8071065982522390507,Pump Portal,1536719208
LaxPathum,1627698161,-6836808558092699723,Pump Portal,1536719208
lukkassalves,1329853410,8345239349890793906,Pump Portal,1536719208
Georgelawis1207,1695704161,4808447129896301896,Pump Portal,1536719208
DoumaSG,1987915526,5936515695015238065,Pump Portal,1536719208
Lazzygirll,1991296396,-2187446329938671075,Pump Portal,1536719208
Loganathan100,1344832368,-9100812695300589280,Pump Portal,1536719208
Chulan1982,1417115646,-899259239015286054,Pump Portal,1536719208
jeenkuolin,1538244829,-5273121454537854525,Pump Portal,1536719208
LindaBrook,1680389340,8729834563109635639,Pump Portal,1536719208
ADA_CARDANO_GEMS2,1993362531,3063030238388378709,Pump Portal,1536719208
rifat707,1820545705,-2100637392520593277,Pump Portal,1536719208
LoveMeGaa,826529999,5819917343339760175,Pump Portal,1536719208
prem_liya,1787457857,4413250783929201675,Pump Portal,1536719208
Lynda024,1788674627,8643314747983250268,Pump Portal,1536719208
,5053815684,-5218713117091153945,Pump Portal,1536719208
KryptoMancer,449003173,1368559472854504108,Pump Portal,1536719208
Kuacigoyeng,1113082895,8177874186682695342,Pump Portal,1536719208
ko683,1587568968,-3258407389144601098,Pump Portal,1536719208
KemalDy,5073321934,-8753129716881182916,Pump Portal,1536719208
,5075074287,-1153552270289874039,Pump Portal,1536719208
,1346249723,-3694031271246907266,Pump Portal,1536719208
,1660913849,-500220608522817331,Pump Portal,1536719208
,5080468620,-6708575790153736774,Pump Portal,1536719208
KryptoWhale,1690201668,6056404931246038738,Pump Portal,1536719208
Kabir1830,1482842450,187350129688529953,Pump Portal,1536719208
,5050211957,911512963794450469,Pump Portal,1536719208
,2102166484,2637898101996868272,Pump Portal,1536719208
jakin132,995402456,3014974760252153758,Pump Portal,1536719208
IDenace,1765372043,-1535236694628257640,Pump Portal,1536719208
krishnapriyaramasamy,1718215237,-8916172991946642144,Pump Portal,1536719208
kthbappu,1128574884,5991502273676760643,Pump Portal,1536719208
Ilyass_500,1422889258,6474005888732622871,Pump Portal,1536719208
,1190037478,-4549474620201222179,Pump Portal,1536719208
,1878161720,8377952315755844757,Pump Portal,1536719208
GupKr,1994211292,4421651077331229563,Pump Portal,1536719208
,2144875446,3279185933041261947,Pump Portal,1536719208
,2023927834,3930667338681310091,Pump Portal,1536719208
kim4real,2074192290,-1431356468460467054,Pump Portal,1536719208
,1845510295,6033815736218850440,Pump Portal,1536719208
King81557,1984415885,-4589447218684946678,Pump Portal,1536719208
Abushahab1234,1775010954,3913567521010689600,Pump Portal,1536719208
bageak16,1753050612,-6882014761384519346,Pump Portal,1536719208
kenzieElizabeth,1808962540,3034225985337036023,Pump Portal,1536719208
Chang_guangzhou,1697251800,4098825297993992352,Pump Portal,1536719208
KHL121,1720778121,-4081078670076161802,Pump Portal,1536719208
cryptoking881,1881227562,-5218346668740778559,Pump Portal,1536719208
kiemeric,1765895659,-7651406482832578658,Pump Portal,1536719208
drkim_covac,805400835,3363910581808280179,Pump Portal,1536719208
hkharikrishna62,503826081,4576907886884115974,Pump Portal,1536719208
Josh969,1783309818,4432643043480029200,Pump Portal,1536719208
karbalaaaaam,1899339339,5154597329792640146,Pump Portal,1536719208
a01kawser,1861580873,5900598315566538456,Pump Portal,1536719208
Arsi3216,1135410779,-648250805720458599,Pump Portal,1536719208
khzqu,1289069120,5473415387305760613,Pump Portal,1536719208
kkyuminluv,1222716189,-8508488657298239889,Pump Portal,1536719208
abdul143,1742889610,1712261827886547198,Pump Portal,1536719208
King_cardingg1,700513872,4344057756936422910,Pump Portal,1536719208
krishnaahir143,1076909887,3720305512262600839,Pump Portal,1536719208
billykate23,1911000573,-2046129885726567889,Pump Portal,1536719208
,1856313817,4582663253922929559,Pump Portal,1536719208
M16553937g,1009350680,-4240570702072594690,Pump Portal,1536719208
Hafiz989,1557056253,-3977970365154605852,Pump Portal,1536719208
Khuram3600,1671593566,6629887716677008159,Pump Portal,1536719208
KoreaSeven,1792740973,-8200147243676824850,Pump Portal,1536719208
mehmood_khan2004,1553848523,-650993246526056732,Pump Portal,1536719208
AlwaysKing99,2064443007,-4868033048664573333,Pump Portal,1536719208
Khuccong2,1919260244,-3677152624142667555,Pump Portal,1536719208
Missionkangla2030,1107465154,451048562178134165,Pump Portal,1536719208
Akbff,1721742362,2791340542715037778,Pump Portal,1536719208
m8n89,1384033727,-8200331288380003605,Pump Portal,1536719208
drwin0,717917565,-2966247502215665849,Pump Portal,1536719208
kenjetli,1853813897,-766768653499440298,Pump Portal,1536719208
Shakib9999999765,1959628111,-7431813868901612851,Pump Portal,1536719208
arvind2kmr,1386986399,1947622695403488165,Pump Portal,1536719208
kapaganesh111,1164631593,-8049691804331388332,Pump Portal,1536719208
Imrankhosa,763466561,2556455182684365054,Pump Portal,1536719208
Sohail121010,1997395068,5984099428644013931,Pump Portal,1536719208
Kanu_999,1752779936,7092611816033159837,Pump Portal,1536719208
kkqqaaee,1821092672,-5894241604968593078,Pump Portal,1536719208
Davidmongan,1497522173,-347054813663274512,Pump Portal,1536719208
Bipul126,905122371,587040010722255143,Pump Portal,1536719208
asifkhan006,993137382,8635274578412871100,Pump Portal,1536719208
kruuger8290,1113643245,8033395593204877534,Pump Portal,1536719208
cryptokpsweeti,1485642756,-8680607761092541564,Pump Portal,1536719208
kurt000173,1795920969,-4153583269344708032,Pump Portal,1536719208
katielynnjacee2332,1522126808,-1159755128285495076,Pump Portal,1536719208
,2046972650,8706630358646949233,Pump Portal,1536719208
,1949031711,4172491832766501402,Pump Portal,1536719208
Hantashi,1944885968,-8414141868848471855,Pump Portal,1536719208
ShivaKhare0,1870949816,-103357403939368685,Pump Portal,1536719208
karim20059,1979313362,3128299442211508469,Pump Portal,1536719208
Earn4funn,774275250,4405863250720686569,Pump Portal,1536719208
MOP_dimo,1369384495,2903884659251544443,Pump Portal,1536719208
airdrops512,1937231278,-6644554793960759140,Pump Portal,1536719208
hamzatkareem,1810406654,5454392409529251587,Pump Portal,1536719208
Kale75,1263751496,-2359430615095052550,Pump Portal,1536719208
Sk1552,1879858142,-5683156674691132010,Pump Portal,1536719208
Kirstenpowel,2045780712,-1165687499836493639,Pump Portal,1536719208
srikanthbobi24,1362682204,-6075059114497677475,Pump Portal,1536719208
kb636,1988465147,-4353416548423605478,Pump Portal,1536719208
kaypositive,1565605087,-6939929093398902260,Pump Portal,1536719208
aishaKhadija_31_9,1691507972,4885030243258663679,Pump Portal,1536719208
karim37362,1957219300,6068304211905332712,Pump Portal,1536719208
KenethMaples,1758794006,3394140551792760377,Pump Portal,1536719208
Kaka09044602716,1361129068,1025331584154750936,Pump Portal,1536719208
Kidsnow20,1661548032,782649461390150636,Pump Portal,1536719208
jornkane,1872372988,3129541338508200221,Pump Portal,1536719208
,878932744,-1231308383194577071,Pump Portal,1536719208
,5035091300,4684247483887780319,Pump Portal,1536719208
judaboyx,1230531255,-6450906186962914010,Pump Portal,1536719208
Johnson_cam,2126891751,54279739314315801,Pump Portal,1536719208
,1048431642,-583913791147160693,Pump Portal,1536719208
,5025231760,-4095592699948051461,Pump Portal,1536719208
jesusgab0,1484542372,2585814751755626399,Pump Portal,1536719208
himanshuj1899,646918048,-4047913615328630806,Pump Portal,1536719208
Jacsgold,1081164310,7347211281354572703,Pump Portal,1536719208
elljohncare,1760769744,945119684247298139,Pump Portal,1536719208
AdmCriptosubida,1904811619,1931457399913463484,Pump Portal,1536719208
jessy_andy,5007772483,-5352816022906255993,Pump Portal,1536719208
joycryptooo,1963822891,6562537504005789884,Pump Portal,1536719208
,2144444106,-1193361274090825557,Pump Portal,1536719208
,1853170305,-6313007985398092008,Pump Portal,1536719208
blissalli,1575774971,3045702722812880709,Pump Portal,1536719208
jaypee87,645929780,-2586011143674527875,Pump Portal,1536719208
HassanTheyab,1498806592,1939125639470275284,Pump Portal,1536719208
JENNIFERSUZIE,1149772207,-7608227143764802376,Pump Portal,1536719208
,1468437642,3776709099896044880,Pump Portal,1536719208
,2072946009,-2492535511860747781,Pump Portal,1536719208
joy8475,2086637934,3863427207463523745,Pump Portal,1536719208
juniordeusa,1114666698,-2205856448530981399,Pump Portal,1536719208
JocastaEsperanza,2016119358,8638720818284627393,Pump Portal,1536719208
jaydajames31,1818071029,2527150830453508162,Pump Portal,1536719208
Jeptive,826547920,-8529235398590959555,Pump Portal,1536719208
Easyblaze96,1163326396,-6488502904488623242,Pump Portal,1536719208
Julioak777,1679372715,498622876803692301,Pump Portal,1536719208
jrcguevarra,355250475,4985625844496767787,Pump Portal,1536719208
jubain4,2009871116,-6985340318908600617,Pump Portal,1536719208
jamiefoxxx007,153931679,6669879152039559155,Pump Portal,1536719208
Faisalah123,1034787722,-5187690805197425614,Pump Portal,1536719208
bjainkumar,1840275332,3987103198768205400,Pump Portal,1536719208
abbeyjoseph94,1936189492,-8524835232809881989,Pump Portal,1536719208
Ethandid,1616350602,-5355977881531809482,Pump Portal,1536719208
Jokerethtoken,2044126243,-7493503775610320208,Pump Portal,1536719208
jalalahmed12,1423920902,7851797181601203739,Pump Portal,1536719208
jimmgonyea,1614978850,8417178280625046543,Pump Portal,1536719208
jaman7117,1373111924,-7679016366518976069,Pump Portal,1536719208
Susan_J_Finch,1374118074,-8214729952936367925,Pump Portal,1536719208
JUSTTADAM,1404521396,2440962011113127831,Pump Portal,1536719208
IolantheJocasta,2048508070,9079840535214276625,Pump Portal,1536719208
Johir75,1897844756,-8650791342510161683,Pump Portal,1536719208
juiakter7377,1997602336,-8762086973271001997,Pump Portal,1536719208
JosuELopezz,820435628,-2743560826168418069,Pump Portal,1536719208
Jobamoni2,567571555,1445166932767023442,Pump Portal,1536719208
JOSEPHATABABU70,1963132612,1653826434401503108,Pump Portal,1536719208
sshsss30,2034040230,-4479012151452611415,Pump Portal,1536719208
joyous0,1935046860,-4207484945775789338,Pump Portal,1536719208
joyj12,1896230346,4075068812329908460,Pump Portal,1536719208
Mhjariya,1769118402,-3536572655127615581,Pump Portal,1536719208
dr_j_covac,1780195327,2151352324740836718,Pump Portal,1536719208
dasjaydeep,1874399640,-8687836892069523842,Pump Portal,1536719208
fffsakib,2037584752,-2192439844320355941,Pump Portal,1536719208
Jamaljs22,1542159656,-7345706513181222881,Pump Portal,1536719208
jamejam_3906,750439996,4654735030398698250,Pump Portal,1536719208
Ghazzur,1497305746,-6432816387166143864,Pump Portal,1536719208
Jkjkjkjkjkjk30,1884027175,-5241337832963569006,Pump Portal,1536719208
James3005,1890595424,-7468987233279085912,Pump Portal,1536719208
Jahid156,1958284835,6873132931096194791,Pump Portal,1536719208
