,2108244266,-2669745375995055609,Spookyswap Official Community✪,1421460873
,2119494614,-1868753677852243174,Spookyswap Official Community✪,1421460873
Bleeker1923,2126913141,-8091174357624121620,Spookyswap Official Community✪,1421460873
,2127107624,-6439084946678349463,Spookyswap Official Community✪,1421460873
,2137778429,5114419317942774357,Spookyswap Official Community✪,1421460873
,2100355624,1115778743850777463,Spookyswap Official Community✪,1421460873
bepimpling_1975,2125353327,8982134921030822534,Spookyswap Official Community✪,1421460873
,2087804069,-3623535056230969301,Spookyswap Official Community✪,1421460873
,2110562345,-7744016596012401800,Spookyswap Official Community✪,1421460873
,2122399543,-3248539833412545967,Spookyswap Official Community✪,1421460873
gloms2037,2099980699,-2852638304723009289,Spookyswap Official Community✪,1421460873
,2107124083,-4489705245311142438,Spookyswap Official Community✪,1421460873
,2123347191,-3322108905866232228,Spookyswap Official Community✪,1421460873
bannet_1998,2123610247,-8448341247386859409,Spookyswap Official Community✪,1421460873
Cholophaein1832,2145230616,-1631371194888553672,Spookyswap Official Community✪,1421460873
LZBads,1156120331,-4018499682531185744,Spookyswap Official Community✪,1421460873
,2035209791,3480732036526647952,Spookyswap Official Community✪,1421460873
,2060902467,-635148267284776234,Spookyswap Official Community✪,1421460873
,2128240705,2182577822434527770,Spookyswap Official Community✪,1421460873
,2128786547,-7190485541944263539,Spookyswap Official Community✪,1421460873
BorakEzekiel_1885,2129273279,-6065430768781173611,Spookyswap Official Community✪,1421460873
,2138490575,-9077422223839903694,Spookyswap Official Community✪,1421460873
,2045142495,5156655849733260330,Spookyswap Official Community✪,1421460873
semicomical1805,2102049560,-1346564977220331016,Spookyswap Official Community✪,1421460873
,2103204636,-2030217824266387415,Spookyswap Official Community✪,1421460873
,2109554831,-5730178324011480162,Spookyswap Official Community✪,1421460873
SynaxesRecalcitrating_2051,2141149297,8440550399411342184,Spookyswap Official Community✪,1421460873
DiaphaneOversured_1846,2105594188,159419739205449760,Spookyswap Official Community✪,1421460873
CajaputCountess_1994,2121600945,66632417564815889,Spookyswap Official Community✪,1421460873
applejack_1811,2132678524,6355859146864833982,Spookyswap Official Community✪,1421460873
,2100349715,8676632726604389595,Spookyswap Official Community✪,1421460873
,2131326988,3535685719496418594,Spookyswap Official Community✪,1421460873
decalage_2017,1829367321,7916443871761717479,Spookyswap Official Community✪,1421460873
cercle_2034,2009994142,8278483792632180512,Spookyswap Official Community✪,1421460873
BraunschweigerCountersink_1939,2060706983,971859100225696321,Spookyswap Official Community✪,1421460873
,2112762707,5883616454706960579,Spookyswap Official Community✪,1421460873
adinole1946,2114014771,-2988338341114610258,Spookyswap Official Community✪,1421460873
,2123042480,5464584380512858400,Spookyswap Official Community✪,1421460873
,2128931915,-4971526847255214379,Spookyswap Official Community✪,1421460873
,2128998570,-3840541415442278139,Spookyswap Official Community✪,1421460873
,2069891399,2529932118944309910,Spookyswap Official Community✪,1421460873
,2077989711,5845183232726165890,Spookyswap Official Community✪,1421460873
,2078759911,4593958378332075727,Spookyswap Official Community✪,1421460873
AnticontagionGuanaco_1931,2101227484,7248671077612084881,Spookyswap Official Community✪,1421460873
,2120078140,-236516916959208446,Spookyswap Official Community✪,1421460873
,2124295570,4073400082483130474,Spookyswap Official Community✪,1421460873
Eniac_1947,2137813249,-6148543771815219676,Spookyswap Official Community✪,1421460873
GH05Tpl4y3r05,672624370,2928944908533069242,Spookyswap Official Community✪,1421460873
Confederacy_1961,1728022574,3355142139409404499,Spookyswap Official Community✪,1421460873
Graybeard_1975,2108263827,4659718857455734401,Spookyswap Official Community✪,1421460873
,2128731183,4723493112385089658,Spookyswap Official Community✪,1421460873
anterograde2067,2133125579,-990305539602030507,Spookyswap Official Community✪,1421460873
,1153464460,8681978834915551101,Spookyswap Official Community✪,1421460873
,1837427168,775934069405944024,Spookyswap Official Community✪,1421460873
Craftly_2011,2124432845,4048654973633710841,Spookyswap Official Community✪,1421460873
,1126085699,-4691970555498906410,Spookyswap Official Community✪,1421460873
,1739176906,8136612592845205049,Spookyswap Official Community✪,1421460873
Abject2022,2033463954,-3654734964495317052,Spookyswap Official Community✪,1421460873
,2065658630,8349863979650560384,Spookyswap Official Community✪,1421460873
Larding1820,2091470172,6330578819479297632,Spookyswap Official Community✪,1421460873
,2107017184,-291239714633350214,Spookyswap Official Community✪,1421460873
ArcusNonflexibleness_1813,2125664208,-7081441901959021274,Spookyswap Official Community✪,1421460873
Roseola2027,2130060519,-6931519336872010749,Spookyswap Official Community✪,1421460873
SsTARLoOoRD,698232687,8520270015718036809,Spookyswap Official Community✪,1421460873
,2087951803,9132069120392131151,Spookyswap Official Community✪,1421460873
BrennandClarin_2005,2103876882,-6894303240619617101,Spookyswap Official Community✪,1421460873
burial_1966,2109157650,-2524445241284758308,Spookyswap Official Community✪,1421460873
,2128884944,-4787423541886557127,Spookyswap Official Community✪,1421460873
DroppingArlyn_2057,2136914824,6009590958291686958,Spookyswap Official Community✪,1421460873
,2140740759,-1709367313532243488,Spookyswap Official Community✪,1421460873
,2037460572,1696653800746791853,Spookyswap Official Community✪,1421460873
DonkeyPerchlorinate_1837,2100135419,-8853005109345447020,Spookyswap Official Community✪,1421460873
Lifer2020,2103133842,5068994516888212730,Spookyswap Official Community✪,1421460873
Commanding_2062,2108391678,-3614087108719792414,Spookyswap Official Community✪,1421460873
gripy2039,2110782703,3072470934334413993,Spookyswap Official Community✪,1421460873
,2123036629,6450840962820572035,Spookyswap Official Community✪,1421460873
Adventure2042,2128331175,1929128940586051945,Spookyswap Official Community✪,1421460873
,2143891239,-8209549588481891706,Spookyswap Official Community✪,1421460873
,2102692580,-180691030305201390,Spookyswap Official Community✪,1421460873
,2112685095,-2993362358325137933,Spookyswap Official Community✪,1421460873
,2125508317,4782348857862181123,Spookyswap Official Community✪,1421460873
DuenasAcoustic_2025,2128410581,6190488918195535378,Spookyswap Official Community✪,1421460873
Autogiro_2014,2140218249,-568495313610401721,Spookyswap Official Community✪,1421460873
Carmencita_1951,2077118399,4880103017356915987,Spookyswap Official Community✪,1421460873
Semilate_1983,2101392114,-4484894813747479148,Spookyswap Official Community✪,1421460873
,2106111938,-4952285396949585924,Spookyswap Official Community✪,1421460873
,2111882393,-3847577739351528518,Spookyswap Official Community✪,1421460873
,2117830128,-7974600709844124202,Spookyswap Official Community✪,1421460873
,2128076638,-5185295205665184972,Spookyswap Official Community✪,1421460873
Giddier_1952,2142021796,-5816622461842048027,Spookyswap Official Community✪,1421460873
ScrapsUnrooted_2062,1979128182,7838202521760725463,Spookyswap Official Community✪,1421460873
,2033057651,-7115686821835476911,Spookyswap Official Community✪,1421460873
,2118261712,-7397395225187712963,Spookyswap Official Community✪,1421460873
lyrebird1842,2120391061,659001700986391997,Spookyswap Official Community✪,1421460873
snuffliness1832,2121091579,809734883380625638,Spookyswap Official Community✪,1421460873
,2127562145,5546937894446788984,Spookyswap Official Community✪,1421460873
,2087703232,5799404507861660093,Spookyswap Official Community✪,1421460873
,2124807512,882143763593478998,Spookyswap Official Community✪,1421460873
messor1964,2099481835,7658063863384182896,Spookyswap Official Community✪,1421460873
,2100283302,3274703569336027714,Spookyswap Official Community✪,1421460873
,2111623208,7815159023893096262,Spookyswap Official Community✪,1421460873
amberoid_2022,2134007210,-2369679872229770400,Spookyswap Official Community✪,1421460873
,2146709062,5536914533639407040,Spookyswap Official Community✪,1421460873
paterero_2049,2049689518,2337210140234743299,Spookyswap Official Community✪,1421460873
,2071503637,-396744674082640544,Spookyswap Official Community✪,1421460873
,2112594642,-2455490153413275719,Spookyswap Official Community✪,1421460873
,2015846065,7748197837727211975,Spookyswap Official Community✪,1421460873
,2115197334,-8075024445369773380,Spookyswap Official Community✪,1421460873
Thoneyala_Faelainde12,1976353775,8222232483661013135,Spookyswap Official Community✪,1421460873
,2110012112,-7733654594963782107,Spookyswap Official Community✪,1421460873
,2125129778,1146153526486144464,Spookyswap Official Community✪,1421460873
,2125855485,-8571232267757777597,Spookyswap Official Community✪,1421460873
,2131129623,-3369555805318277425,Spookyswap Official Community✪,1421460873
palmae2066,2103675449,7005052263022143307,Spookyswap Official Community✪,1421460873
senary_1827,2135873087,-5833194601072780598,Spookyswap Official Community✪,1421460873
Brims_1849,2136551115,-8198821334329199301,Spookyswap Official Community✪,1421460873
,2146336670,549677381060884599,Spookyswap Official Community✪,1421460873
Termite_1880,2047895098,8785374349536445975,Spookyswap Official Community✪,1421460873
Totoro1936,2082387671,-8091825979769182557,Spookyswap Official Community✪,1421460873
EstheticismBeliever_2067,2113830924,-2621398596662555196,Spookyswap Official Community✪,1421460873
Batis_1929,2131842356,4071163706703476602,Spookyswap Official Community✪,1421460873
,2142410733,-7538175063843762368,Spookyswap Official Community✪,1421460873
,2095216851,-1786316282459613181,Spookyswap Official Community✪,1421460873
binda_1810,2116476541,-3735421384789165185,Spookyswap Official Community✪,1421460873
FibrinateCryptomere_1804,2124671939,-9205023321621080842,Spookyswap Official Community✪,1421460873
BardolphBoother_1846,2128266383,4367415546345356923,Spookyswap Official Community✪,1421460873
FletcherTherapy_2010,2128329872,-2291266420230633876,Spookyswap Official Community✪,1421460873
FastuousnessUttermost_1875,1980854521,8570711128229813618,Spookyswap Official Community✪,1421460873
,2003140515,-2780205578243236905,Spookyswap Official Community✪,1421460873
,2103746441,-8538337085578939234,Spookyswap Official Community✪,1421460873
Ashcake1816,2128637317,4098283879604664171,Spookyswap Official Community✪,1421460873
al_faruq99,441279864,-2751477252362858760,Spookyswap Official Community✪,1421460873
Shortb0SS,1589414415,1887101526646612334,Spookyswap Official Community✪,1421460873
Swallow_1879,2072492322,-5487227339265662902,Spookyswap Official Community✪,1421460873
DecadactylousApparition_1832,2113269276,2390421828797351306,Spookyswap Official Community✪,1421460873
FloodsDhurrie_1849,2117762921,-3254469811179417907,Spookyswap Official Community✪,1421460873
Dogfish1969,2141915416,-2577885720657152787,Spookyswap Official Community✪,1421460873
filagree2038,2059249857,-4556174791353878070,Spookyswap Official Community✪,1421460873
GuidonEchidna_1997,2113332926,3769898029892282783,Spookyswap Official Community✪,1421460873
PavesLoris_1971,1248845218,3375235271435540194,Spookyswap Official Community✪,1421460873
,1476869334,-7239620652732727767,Spookyswap Official Community✪,1421460873
Postbrachial1968,2104814080,-2408114368236204107,Spookyswap Official Community✪,1421460873
Moping_2020,2105971131,-3424628325033898702,Spookyswap Official Community✪,1421460873
,2127538714,8860918809213726564,Spookyswap Official Community✪,1421460873
,1171688148,1146711764039034936,Spookyswap Official Community✪,1421460873
,1952079627,1085819017302631505,Spookyswap Official Community✪,1421460873
Compliant_1902,2066164673,4745019882983921644,Spookyswap Official Community✪,1421460873
flamer_1843,2098482729,4122050446158336901,Spookyswap Official Community✪,1421460873
Arras2066,2116222647,7890348818010715101,Spookyswap Official Community✪,1421460873
,2123845859,-8313548480221320234,Spookyswap Official Community✪,1421460873
engravers1817,2130301912,-4087852086793145630,Spookyswap Official Community✪,1421460873
Angioleucitis2035,2007415293,-7385399274382412306,Spookyswap Official Community✪,1421460873
boose_1855,2105802670,-7353102322899771459,Spookyswap Official Community✪,1421460873
,2118098326,-159198978485512132,Spookyswap Official Community✪,1421460873
,2145527904,-8359287999056705781,Spookyswap Official Community✪,1421460873
c31241515,1738298362,6629706027620039094,Spookyswap Official Community✪,1421460873
,2103543146,127669766347803057,Spookyswap Official Community✪,1421460873
cautions_1812,2140222832,4585837160881516541,Spookyswap Official Community✪,1421460873
,2146516570,4811616304056394691,Spookyswap Official Community✪,1421460873
GopherAlliya_2007,2024300366,-2686316594317265815,Spookyswap Official Community✪,1421460873
Chilicote2020,2032900530,9113889063393943249,Spookyswap Official Community✪,1421460873
,2101953519,-3792514796467542886,Spookyswap Official Community✪,1421460873
,2102097668,-8728768159836438675,Spookyswap Official Community✪,1421460873
dingar1992,2114147431,-7854097428434059503,Spookyswap Official Community✪,1421460873
,2115834289,7311647842795612204,Spookyswap Official Community✪,1421460873
FortepianoLamebrain_1825,2126549540,281842963612950302,Spookyswap Official Community✪,1421460873
,1298111068,5279451899581178508,Spookyswap Official Community✪,1421460873
,1328512835,-2525296658029514102,Spookyswap Official Community✪,1421460873
frigatebird1862,2127602313,5046935564488580207,Spookyswap Official Community✪,1421460873
,2134567986,1377379247318110210,Spookyswap Official Community✪,1421460873
EuniceJewish_1906,2124256882,-6066548648018273404,Spookyswap Official Community✪,1421460873
,2133799355,3308669991446700198,Spookyswap Official Community✪,1421460873
fooladfardad1388,795609416,-5874899973746235019,Spookyswap Official Community✪,1421460873
,1736878820,1269430608512014083,Spookyswap Official Community✪,1421460873
,1771324338,-8590964758040370582,Spookyswap Official Community✪,1421460873
AdaptableMurexid_1809,1915995426,-1363361014169198742,Spookyswap Official Community✪,1421460873
felixr1165,1040413670,-4255108666880696488,Spookyswap Official Community✪,1421460873
,1373432884,-1326665522437798467,Spookyswap Official Community✪,1421460873
,1569330087,2875147604855333076,Spookyswap Official Community✪,1421460873
Floods1995,2083611586,-2706508010971238421,Spookyswap Official Community✪,1421460873
Avigdor_1999,2137167982,-5310651840279164416,Spookyswap Official Community✪,1421460873
,1346399813,-1082584259381477439,Spookyswap Official Community✪,1421460873
RepassableCroquette_1836,2146786423,5245306805437608394,Spookyswap Official Community✪,1421460873
,2105319645,8473229457153982554,Spookyswap Official Community✪,1421460873
FemoropoplitealCaggy_1849,2120234423,9152978732773590876,Spookyswap Official Community✪,1421460873
downless2055,2140156639,-2710448806142797572,Spookyswap Official Community✪,1421460873
BalatePenstemon_1965,2115279469,4077621409441268102,Spookyswap Official Community✪,1421460873
,2125770490,-3338346121591598764,Spookyswap Official Community✪,1421460873
,2141125678,8643804654470014552,Spookyswap Official Community✪,1421460873
DeservingManerial_1956,2117957137,5738352972600562638,Spookyswap Official Community✪,1421460873
Faculty_Chromatex,634503646,1572283316918801104,Spookyswap Official Community✪,1421460873
FestellaeOverfragmented_1961,1911534724,3769130788526642746,Spookyswap Official Community✪,1421460873
,2111829387,-1852809414830766783,Spookyswap Official Community✪,1421460873
postibo,967616105,-7095368399228949235,Spookyswap Official Community✪,1421460873
artibani42,1073727232,1217964635120781505,Spookyswap Official Community✪,1421460873
,1106192212,-1060515959502844728,Spookyswap Official Community✪,1421460873
Pluviography_2051,2058098602,7810719792450668205,Spookyswap Official Community✪,1421460873
,2129449626,7396283821972199926,Spookyswap Official Community✪,1421460873
corkey2036,2146661927,-4584328712374992810,Spookyswap Official Community✪,1421460873
,414763917,-576949958149787491,Spookyswap Official Community✪,1421460873
AldusAlpaca_1904,2128691282,6286032718288387465,Spookyswap Official Community✪,1421460873
,2113623385,-8552506839562367744,Spookyswap Official Community✪,1421460873
,2123067551,3924427046205885266,Spookyswap Official Community✪,1421460873
fortuneteller2014,2141147473,7110208464622804622,Spookyswap Official Community✪,1421460873
deemphasize1828,2142772580,5128424247063858778,Spookyswap Official Community✪,1421460873
,951152134,-7258431135976233739,Spookyswap Official Community✪,1421460873
moorhen_1950,2033146501,-5630275977701799943,Spookyswap Official Community✪,1421460873
FeatherfewOverreached_2008,2102519818,6983463351454983459,Spookyswap Official Community✪,1421460873
,2114636308,3671245478508744772,Spookyswap Official Community✪,1421460873
,2129004276,-9199805785433304128,Spookyswap Official Community✪,1421460873
,359257439,-4106059214750154363,Spookyswap Official Community✪,1421460873
,961994088,-1895737623849943801,Spookyswap Official Community✪,1421460873
,1160405038,-5055363527277404836,Spookyswap Official Community✪,1421460873
FasteningMullite_1813,1968521390,-7753796258029729701,Spookyswap Official Community✪,1421460873
,1649796676,7472453764195432846,Spookyswap Official Community✪,1421460873
beland_1853,2127894734,1748418634109254224,Spookyswap Official Community✪,1421460873
forehead_1851,2139108472,212564096609932094,Spookyswap Official Community✪,1421460873
advertised_1959,2134224971,3756310819284864878,Spookyswap Official Community✪,1421460873
eskar_1912,2142492297,-8076448657399735912,Spookyswap Official Community✪,1421460873
,724881900,5746352133575363662,Spookyswap Official Community✪,1421460873
EndangOverhumanizing_1980,1619652759,-2418834395359031699,Spookyswap Official Community✪,1421460873
ExplorersMotility_2044,2101901639,1460918164829432362,Spookyswap Official Community✪,1421460873
,2106714146,-147626342448640036,Spookyswap Official Community✪,1421460873
encloud_1912,2121386318,-6005079903415300522,Spookyswap Official Community✪,1421460873
EbenezerMyrmecoid_2046,2127894810,1599115707597744603,Spookyswap Official Community✪,1421460873
ElysiaOverfallen_1831,2132826556,9074229506543015089,Spookyswap Official Community✪,1421460873
,2138898483,-4079050416956303437,Spookyswap Official Community✪,1421460873
,2082440549,-681440551811834072,Spookyswap Official Community✪,1421460873
,2118994610,5320300756124945229,Spookyswap Official Community✪,1421460873
Escalader_1817,2146559814,8414294916265641479,Spookyswap Official Community✪,1421460873
EarlockPasse_1837,1933732774,-6742549174296482897,Spookyswap Official Community✪,1421460873
,2088734415,8430064786157724531,Spookyswap Official Community✪,1421460873
,2097053686,7550181318414160513,Spookyswap Official Community✪,1421460873
Earlier_1957,2126364905,-6067517663626376707,Spookyswap Official Community✪,1421460873
discount_2002,2126932805,232021668055326596,Spookyswap Official Community✪,1421460873
Brimborion_2027,2102305645,-1721791075648889778,Spookyswap Official Community✪,1421460873
elizabethan_1875,2127262726,-4852850007558061520,Spookyswap Official Community✪,1421460873
everyone1895,2136955318,3068180059751580285,Spookyswap Official Community✪,1421460873
CloteMediums_2058,2141521244,-4628554937336807371,Spookyswap Official Community✪,1421460873
,2107436244,-610221066817186250,Spookyswap Official Community✪,1421460873
,1425683854,-8123864907700128607,Spookyswap Official Community✪,1421460873
Endocyemate1825,1909396665,7561639488541028790,Spookyswap Official Community✪,1421460873
AfternightAquaria_1978,2006907214,944704029834337857,Spookyswap Official Community✪,1421460873
,2124278401,-2833762815508528068,Spookyswap Official Community✪,1421460873
,2140328853,-3861004953472378432,Spookyswap Official Community✪,1421460873
ensign_1905,2146373019,1542634720345329922,Spookyswap Official Community✪,1421460873
,1709212852,-5291889847743660120,Spookyswap Official Community✪,1421460873
Electrotechnics_2013,2094959650,505767287605647383,Spookyswap Official Community✪,1421460873
,2105713605,7855836525736491843,Spookyswap Official Community✪,1421460873
,2114979786,1880591960952221648,Spookyswap Official Community✪,1421460873
,2117414479,7969580652752083442,Spookyswap Official Community✪,1421460873
erroll_1869,2129756609,2572450320654644037,Spookyswap Official Community✪,1421460873
SquirarchalAbrar_1996,1935284340,6982351105654491410,Spookyswap Official Community✪,1421460873
CarlessSoldierwood_1818,2003505373,1421839448663854565,Spookyswap Official Community✪,1421460873
,2049141348,-6678162549415265569,Spookyswap Official Community✪,1421460873
CherriesAncient_1861,2072200455,2916684304396376034,Spookyswap Official Community✪,1421460873
,2118691578,-6087680236794851983,Spookyswap Official Community✪,1421460873
egalites_1892,2118991242,675309145909693300,Spookyswap Official Community✪,1421460873
EthelineHarrier_1821,2122556182,3601727836115039573,Spookyswap Official Community✪,1421460873
,2123125543,-7139583383240810087,Spookyswap Official Community✪,1421460873
Drainage1877,2142686618,6565089289442171721,Spookyswap Official Community✪,1421460873
Crepeau_1866,2146597958,7525183928891235464,Spookyswap Official Community✪,1421460873
embay1832,2043967054,-6567845866678041264,Spookyswap Official Community✪,1421460873
Angriness_1984,2130546201,7383191062518666967,Spookyswap Official Community✪,1421460873
,2137710547,6193109002891553587,Spookyswap Official Community✪,1421460873
EstrangeVibrative_1933,2143453264,7304706015584743776,Spookyswap Official Community✪,1421460873
Ebenezer_2019,2068454394,8751824255390959740,Spookyswap Official Community✪,1421460873
electrophone_1845,2106288683,-4996013006163725841,Spookyswap Official Community✪,1421460873
Entredeux_1899,2116242059,6887322868100769008,Spookyswap Official Community✪,1421460873
AlyreCanescent_1825,2117248649,5514210858298023065,Spookyswap Official Community✪,1421460873
EsurienceIdylls_1919,2121346728,3388958158151587391,Spookyswap Official Community✪,1421460873
,2140710888,3876218495208622464,Spookyswap Official Community✪,1421460873
Rogerslopez1,1771763429,6656427778275046965,Spookyswap Official Community✪,1421460873
Carine1942,2102643534,-2576827330482666611,Spookyswap Official Community✪,1421460873
,2102900820,-8126269856890939879,Spookyswap Official Community✪,1421460873
longhair2042,2105418565,1764855376467620751,Spookyswap Official Community✪,1421460873
,2114589780,6286579533182985075,Spookyswap Official Community✪,1421460873
ErmeyPublicness_1963,2116693091,193894810850429580,Spookyswap Official Community✪,1421460873
Semesters_1928,2126191011,-8031723856949791006,Spookyswap Official Community✪,1421460873
alligators_1848,2128506781,1907044855123605138,Spookyswap Official Community✪,1421460873
EgalityWalspere_1880,2142625593,6080049034525203567,Spookyswap Official Community✪,1421460873
Chatelaine_2060,1681919791,-28691231482677432,Spookyswap Official Community✪,1421460873
Chalot1834,2100853174,-4968526628385772072,Spookyswap Official Community✪,1421460873
,2115168715,7781050983455489658,Spookyswap Official Community✪,1421460873
coinheres1836,2116509726,5085096911709507960,Spookyswap Official Community✪,1421460873
,2120478882,-5413673215189611971,Spookyswap Official Community✪,1421460873
eskar2066,2120918166,1495166789545380689,Spookyswap Official Community✪,1421460873
,2124980641,5505791330933068913,Spookyswap Official Community✪,1421460873
,2140046163,-3542051563102521136,Spookyswap Official Community✪,1421460873
,1321523822,-5242293633976366774,Spookyswap Official Community✪,1421460873
Evangelian_1978,2005363755,1291882897865862943,Spookyswap Official Community✪,1421460873
everard1815,2051085234,6739531503243357021,Spookyswap Official Community✪,1421460873
,2105500029,2877785395719919918,Spookyswap Official Community✪,1421460873
creak2027,2132331670,-7680206359089461113,Spookyswap Official Community✪,1421460873
Boodie_2030,2078789278,7426142334120858958,Spookyswap Official Community✪,1421460873
Elbow1850,2110669997,-8870659786961528022,Spookyswap Official Community✪,1421460873
,2120919339,-7138150220575528260,Spookyswap Official Community✪,1421460873
Ladybird_1810,2072762017,-3656251720773392119,Spookyswap Official Community✪,1421460873
,2118642937,7660340238786768068,Spookyswap Official Community✪,1421460873
scarfwise_1876,2125971832,2281403243438329991,Spookyswap Official Community✪,1421460873
