Karam_kms,1531942667,3712251160279131594,Saint Inu Token,1784876806
immellomusic,2143153780,-8444593458707016105,Saint Inu Token,1784876806
klinh22,452405114,6008577539124842553,Saint Inu Token,1784876806
,2109089957,9097010662665229933,Saint Inu Token,1784876806
cybot86,1340967315,6426055130535545609,Saint Inu Token,1784876806
redstarm31,465692093,1734042794124403623,Saint Inu Token,1784876806
kayski,1487283446,-3113988904466388594,Saint Inu Token,1784876806
Kemojo,2082560752,-3069621762048200632,Saint Inu Token,1784876806
Koenjaan,326196473,5501631925108555673,Saint Inu Token,1784876806
Eleope,820816644,-8253882369782953769,Saint Inu Token,1784876806
Juice1973,1611932081,-1707136571551511005,Saint Inu Token,1784876806
gkusahsokasik,742284429,7327956232896428314,Saint Inu Token,1784876806
BlueJayMan,1064354277,7346648057611151625,Saint Inu Token,1784876806
,1190265536,-2910648777355057854,Saint Inu Token,1784876806
jekoov,1288223351,-6091290645925592480,Saint Inu Token,1784876806
cloudjam,1458084911,-3949275540934354286,Saint Inu Token,1784876806
hyunjindzt,1273141338,90805772271508804,Saint Inu Token,1784876806
Jenalgar,1217517465,6039787500402929481,Saint Inu Token,1784876806
jennymesa,1572249723,2999329877821603707,Saint Inu Token,1784876806
,1369320224,-2686507795944249082,Saint Inu Token,1784876806
janfreudiger,170578387,8785276542951307494,Saint Inu Token,1784876806
BuytheFnDip,1671257416,-9051196145040959539,Saint Inu Token,1784876806
Jgkjgkjgk,1678742039,1702149490160586374,Saint Inu Token,1784876806
jorclad,5015031633,-7264064201212435448,Saint Inu Token,1784876806
Jecko123,1407660017,-1113676084172722236,Saint Inu Token,1784876806
jessica55555,2136057146,1735711918172189051,Saint Inu Token,1784876806
benjackson1,1992275417,-8884581319540285308,Saint Inu Token,1784876806
Abdulahi6359,1815456574,4939775426507775892,Saint Inu Token,1784876806
jacobpoore,1808938602,-3593954474060659628,Saint Inu Token,1784876806
AngelHeaven2,1859896621,-7862193306953827748,Saint Inu Token,1784876806
Jeanakha,1487515602,-4175940082778883847,Saint Inu Token,1784876806
jaewincityx,1691745457,-8852073124657044201,Saint Inu Token,1784876806
cloverist,1061148088,6662664344135352593,Saint Inu Token,1784876806
jieunmiamore,1074630718,-5454136641963104465,Saint Inu Token,1784876806
jwoocityx,2110872048,1735034451392550782,Saint Inu Token,1784876806
JMMCunha,728543753,-5261097900459105989,Saint Inu Token,1784876806
,1603018502,-6149857498528871024,Saint Inu Token,1784876806
iampapapat,1928257743,-7451880749838171569,Saint Inu Token,1784876806
,1438112679,-1698493273564740340,Saint Inu Token,1784876806
,1315589144,-7190394483406089192,Saint Inu Token,1784876806
jekey_13,1252573525,5769303189747014269,Saint Inu Token,1784876806
Junosbrother,540574289,8599295807728364247,Saint Inu Token,1784876806
jazbigwin,1370536441,-3094718863047337882,Saint Inu Token,1784876806
,1796865132,7029074256270989486,Saint Inu Token,1784876806
,1691452298,-7767321512652398319,Saint Inu Token,1784876806
Dayo1111,1613046159,-7414512638242476867,Saint Inu Token,1784876806
InCryptoNZ,686715012,-2569781238937299592,Saint Inu Token,1784876806
Irwkn,1359276706,-7549193383888313173,Saint Inu Token,1784876806
intanfarhani,1155467586,-4884767893217111652,Saint Inu Token,1784876806
staeryyy,1888587511,-8497750720585697752,Saint Inu Token,1784876806
iOsc7888,913833514,9056379141641745616,Saint Inu Token,1784876806
ilyselena,1632725775,7504023847901005959,Saint Inu Token,1784876806
minjk_ig,982535272,-5378425006585267033,Saint Inu Token,1784876806
,2146973250,-5693398426310281194,Saint Inu Token,1784876806
ibuythedeep,1627153927,-4126866466962177302,Saint Inu Token,1784876806
,898264060,1517303742973182683,Saint Inu Token,1784876806
icryptorn,653176241,-4628302690823869119,Saint Inu Token,1784876806
Isclma,1081702959,8389903633277184254,Saint Inu Token,1784876806
inanocan,1619809048,-2372252071682375732,Saint Inu Token,1784876806
isxpei,1224781810,1297284274681947681,Saint Inu Token,1784876806
icekyd1122,1185667052,5255329884609018500,Saint Inu Token,1784876806
ItsPQS,1020493172,7085192058514383718,Saint Inu Token,1784876806
Islandnick,766467563,1482227438165170135,Saint Inu Token,1784876806
init4thetec,1256341506,-625084578359976241,Saint Inu Token,1784876806
musty_i,470466409,-6337655325667303149,Saint Inu Token,1784876806
JayCcrypto,917417930,6633005027548626906,Saint Inu Token,1784876806
,1656236019,2164497287081938204,Saint Inu Token,1784876806
Artaios,206693399,5610498504025653389,Saint Inu Token,1784876806
inkognito_me_to,498750213,3467277295355837447,Saint Inu Token,1784876806
E_is_a_name,1108903171,58875290583000588,Saint Inu Token,1784876806
Hamzalion,1600520664,8128933338182869095,Saint Inu Token,1784876806
Hanzel48,2137508455,-4856791301345747483,Saint Inu Token,1784876806
haox17890,1866779229,9089764939199517832,Saint Inu Token,1784876806
hulusi44,1687856042,6882385092532415713,Saint Inu Token,1784876806
hannyath,1214888621,8892445306646334474,Saint Inu Token,1784876806
cleoladiva,1349456786,7800611499193420861,Saint Inu Token,1784876806
hchn_fullsunn,1222900610,7514501527022159668,Saint Inu Token,1784876806
hppywrstdy,5099405792,-8189448961697636410,Saint Inu Token,1784876806
hvntlf,677171519,-6418202678223356574,Saint Inu Token,1784876806
hhhhhcu,1806250825,2828579308779685829,Saint Inu Token,1784876806
hen0jyaaam,1466916999,3030029243079450928,Saint Inu Token,1784876806
hellobrekelle,1195531141,5672595598525496458,Saint Inu Token,1784876806
HeryMW,1826410728,9130886575196040762,Saint Inu Token,1784876806
dearsadl,725756069,1456172714047130957,Saint Inu Token,1784876806
honest_bankster,5094195076,5508352849543602048,Saint Inu Token,1784876806
HokiCrypto555,1158476099,-2184955279851104097,Saint Inu Token,1784876806
hyuunniieee,1742935382,6780291592946159587,Saint Inu Token,1784876806
haihee,877428113,-4523059464789791825,Saint Inu Token,1784876806
hotdogbacon,1289293312,-7316707227007549886,Saint Inu Token,1784876806
geraldh985,2123406643,508903472322069851,Saint Inu Token,1784876806
,1179686645,3407341835810951835,Saint Inu Token,1784876806
hurro12,1591760757,295331757208929129,Saint Inu Token,1784876806
Happy687,1615923774,1145031692041132308,Saint Inu Token,1784876806
SmartHodler,1736847134,-2805890323441896842,Saint Inu Token,1784876806
hukiki,1854470023,5309317406219579279,Saint Inu Token,1784876806
honeybigwin,2073565920,-3163185540379179619,Saint Inu Token,1784876806
Hodl4Wealth,453762212,4532469665300161152,Saint Inu Token,1784876806
Gib_me_9_figures,1160011827,6752762034293850100,Saint Inu Token,1784876806
Jonezhols,532424070,522090847653015280,Saint Inu Token,1784876806
hansb1,396689384,-6930119332063652758,Saint Inu Token,1784876806
